[{
  "name": "meeting dates",
  "dates": ["March 10th", "March 24th", "April 28th", "May 26th",
    "June 9th", "June 23rd", "July 7th", "July 21",
    "July 28th", "August 4th", "etc..."
    ]
    
},
{
  "name": "gardening dates",
  "dates": ["May 23rd", "June 20th", "July 25th",
    "August 22nd", "September 19"
  ]
},
{
  "name": "personal meet ups",
  "dates": ["oddSundays of every month"]
},
{
  "name": "gardening dates",
  "dates": ["May 23rd", "June 20th", "July 25th",
    "August 22nd", "September 19"
  ]
}
]

